first_name,last_name,job_title,department,email,address,phone_number,salary,password
Michael,Cooley,Land/geomatics surveyor,Sport and exercise psychologist,jenniferhamilton@example.com,Port Maryville,5614214992,31372,umqpu0no
Howard,Johnson,"Loss adjuster, chartered","Scientist, research (physical sciences)",ashley57@example.net,Darrenbury,(494)726-7177x237,81079,mi7I7FYr
Barbara,Jones,Musician,"Psychologist, educational",patriciagomez@example.com,West Nancyhaven,+1-225-672-6025x778,4985,9KL85ZFV
Lauren,Fox,Special effects artist,Maintenance engineer,adrian10@example.net,Austinview,001-961-920-8089x6328,5064,CRDLQBsM
Patricia,Rodriguez,Recruitment consultant,Magazine features editor,cheyennechaney@example.net,Landryport,825-205-2597x95322,4102,y1uxfPhT
Stephen,Hanson,Diplomatic Services operational officer,Forest/woodland manager,gcrane@example.net,Heathton,815.253.7467,65841,KxHnrMFj
Hannah,Harper,Civil Service administrator,"Research officer, government",aimee82@example.com,New Christopherberg,+1-989-723-6575x58630,39654,p0IOGIkP
Lance,Hawkins,Structural engineer,Customer service manager,qdavenport@example.org,Carlytown,+1-894-781-8994x039,98546,mFFB3qU4
Natalie,Ramirez,"Lecturer, further education",Lexicographer,zwest@example.net,Gibbsbury,606-297-7756x63956,11018,RpAjmGtS
Maria,Mcdonald,"Geneticist, molecular","Designer, industrial/product",deannajones@example.net,Harrismouth,(741)559-1573x213,99523,qEf4sSdr
Amy,Brown,Maintenance engineer,"Nurse, children's",bevans@example.net,Lake Kevintown,535-260-3529,99143,4N1PICPi
Scott,Powell,Armed forces operational officer,Estate manager/land agent,richardruiz@example.net,Scottbury,431-680-3477,45552,sLbW3lCh
Jason,Weaver,Electronics engineer,Radiation protection practitioner,brentrivera@example.org,West Joseph,+1-376-463-4337x0781,47260,D87gErCF
Chad,Diaz,Recruitment consultant,Health physicist,sheamichael@example.com,Muellerfort,396.256.7853,22733,yAxyN3bn
Jonathan,Brooks,"Teacher, English as a foreign language",Geophysicist/field seismologist,richarddickson@example.com,North Rick,(387)523-9030x9245,72562,24bjfV6m
Michael,Wilson,Further education lecturer,Teaching laboratory technician,david81@example.org,North Bradport,390.545.1453x5172,71298,xyJLiM3R
Timothy,Miller,"Designer, industrial/product",Travel agency manager,nicholas20@example.net,Jeffreyberg,+1-584-970-9213x6796,99681,k3JhW2SS
Anthony,Mccarthy,Optometrist,Quarry manager,crystal29@example.net,Kathleenfurt,(588)827-3485x816,79435,r6PgDdJG
Amy,Smith,Pathologist,"Editor, commissioning",erikahenderson@example.net,North William,+1-511-994-4148x0543,58671,mmCizXDW
George,Wallace,Accommodation manager,Senior tax professional/tax inspector,ewingbrian@example.com,East Sherrytown,+1-201-673-0444x6455,49150,XoTKuMad
Sarah,Butler,Public house manager,Risk analyst,lisa26@example.com,East Thomasmouth,(954)492-8751x8862,86875,0hJ87TtY
Deanna,Harvey,Publishing rights manager,"Production assistant, television",jennaschwartz@example.org,South Carrieburgh,001-675-695-1276x6914,74239,qVDiuytu
Dave,Avery,Energy engineer,"Biochemist, clinical",watersbryan@example.org,South Veronica,466-367-6883,77999,MTvgzdfP
Anthony,Jackson,Sub,Ergonomist,gibsondebbie@example.com,Lake Carolshire,931-953-8774,67341,erFuGufc
Beverly,Wolfe,Translator,Chief Financial Officer,christophermyers@example.net,Pamelafurt,+1-629-350-5807,99582,lwIDivQf
Julie,Rivera,Engineering geologist,"Engineer, water",milleremily@example.net,South David,001-499-242-7952x05732,32468,p3EVoAyk
Cassandra,Garcia,Newspaper journalist,Water quality scientist,woodsstephen@example.com,Lake Heather,001-275-232-3137x0670,58017,GXLI3J1G
Christina,Robinson,Immigration officer,"Conservator, museum/gallery",donaldcarpenter@example.org,Molinaborough,(405)453-2460,61444,PfPciS8C
Michelle,Moss,Newspaper journalist,"Restaurant manager, fast food",davidperez@example.com,Ortegaton,+1-564-677-3901x7833,34082,7aOLUsMg
Michael,Nolan,"Engineer, electronics",Diagnostic radiographer,ashley77@example.com,Pierceville,498.970.4813x3507,56467,wL5oMQxf
Jodi,Fischer,Lexicographer,Private music teacher,jasonjoseph@example.com,Port Dorothyfort,001-294-541-9403x26380,1800,mloENwDM
John,Andrews,Retail buyer,Jewellery designer,walterscynthia@example.net,West Jamesfort,001-655-733-4029x405,28333,dlQQ9sOv
Jay,Smith,Manufacturing systems engineer,"Geneticist, molecular",edwardscarrie@example.com,Johnsonstad,(695)860-3305x4543,11,Vc1WGXMg
Gina,Hansen,Structural engineer,"Social research officer, government",stephenskimberly@example.com,Port Kennethshire,629-866-5430x1367,22666,kNWRRAat
Vanessa,Guzman,"Psychologist, clinical",Fitness centre manager,zimmermankathryn@example.net,Ambershire,+1-979-255-7831,53088,dmpYiCLD
Katie,Hatfield,Magazine journalist,"Librarian, academic",haaschristopher@example.net,Justinville,372.966.2215x169,64860,20QW7XKs
Elizabeth,Kennedy,Operational investment banker,Agricultural engineer,larataylor@example.org,South Tarastad,001-875-432-8145x709,63693,dKyL2fni
Joshua,Martinez,Retail buyer,"Psychotherapist, child",amythompson@example.net,West Rodneyburgh,834.795.9425,66392,wb1hCt0r
William,Lewis,Legal executive,Operational researcher,frazieranthony@example.com,New Carriefurt,001-434-686-1554x2744,31117,hLSOTmWN
Alexandra,Hines,Geoscientist,Air broker,edward50@example.org,Port Brettfort,001-402-562-4874,98733,bGOZ4nEx
Richard,Young,Research scientist (maths),"Teacher, primary school",savageapril@example.net,Port Vincentborough,(675)418-0459,16520,n0EUZ6Rj
Bobby,Johnson,Data scientist,Higher education lecturer,michelle56@example.org,South Cody,424-695-2871,35011,LwmNbkvP
Shawn,Mitchell,"Designer, multimedia",Orthoptist,jonesrachel@example.org,Lake Mary,+1-983-740-2237x93616,24739,z6P3LSLt
Robert,Rogers,"Psychologist, occupational",Sales executive,wilsonchristian@example.net,Juanton,001-503-578-0161x9035,62946,zZy8ALHr
Amy,Prince,"Solicitor, Scotland","Radiographer, therapeutic",lhansen@example.org,South Sarahborough,904-469-9325,16247,MzTU02fn
Tammy,Peters,Land/geomatics surveyor,Curator,stewartbrittany@example.net,East Anne,001-897-571-6231x8854,1268,vaZs3ZUn
Nicole,Santana,Hotel manager,Energy manager,laurie42@example.net,East Kelli,+1-899-576-3828x927,71098,Cm7UnOjH
Hannah,Allen,"Surveyor, building",Ecologist,thomasperry@example.com,West Johnborough,959.477.1049x6233,7821,qGt5Vlji
Julia,Kirby,Dramatherapist,Stage manager,beckmaria@example.net,Emilyhaven,513.721.4439x9498,88651,cWcV6wLM
Michael,Jennings,Gaffer,Structural engineer,kennethfox@example.org,New Joshua,(424)556-4962x1018,81399,iz6ECmFm
Lauren,Lee,IT technical support officer,"Engineer, land",ohodges@example.com,Georgechester,001-805-232-8713,1840,BSAkroj0
Victoria,Guzman,Chief Executive Officer,"Clinical scientist, histocompatibility and immunogenetics",ytapia@example.net,New Joshua,458-903-1622x79076,75552,thR650Ln
Stephanie,Wood,Production engineer,Bonds trader,matthewchavez@example.com,West Donald,001-669-987-9322x0082,91635,454TlfX5
Seth,Smith,Actuary,Video editor,bishopanna@example.com,Changfort,001-734-267-6846,53413,h1milE6o
Zachary,Booth,"Accountant, chartered public finance",Theatre manager,kristina81@example.net,East Alejandroside,+1-962-647-2780x8624,52459,GzbKyrRr
James,Garrison,Astronomer,Media buyer,stephen74@example.org,Ryanchester,(545)912-1807x266,60300,jGETpE8M
Steven,White,Sports therapist,Hydrogeologist,valerieolson@example.net,Sandovalton,5047633952,35812,NZ7pF6dW
Gina,Green,Psychiatrist,"Surveyor, rural practice",dmills@example.net,New Mikemouth,409.495.3755x2409,37561,006jtJ5Y
Amanda,Walsh,"Solicitor, Scotland",Counselling psychologist,william17@example.net,West Monicaport,888-812-7070,83093,DHOmUI0C
David,Mullins,Writer,Education administrator,julia69@example.com,Port Meganside,+1-503-637-3930x148,8357,NteIbHbp
Katelyn,Rodriguez,"Engineer, civil (consulting)",Health and safety inspector,brobbins@example.net,Stephanieborough,(572)367-8684,73234,5sQEeMCx
Stephanie,Williams,"Presenter, broadcasting",Sports administrator,fbentley@example.org,Alejandrohaven,001-269-810-8346x823,84285,B780fNnp
Shawn,Smith,"Psychotherapist, child",Toxicologist,caroline65@example.org,East Ashley,001-314-583-3151x0640,19483,h4KzY1ME
Taylor,Evans,Financial adviser,Transport planner,william20@example.org,Baxterstad,(851)333-2900x6712,5504,7cjfln8p
Evan,Davis,Chartered legal executive (England and Wales),"Engineer, structural",estradanicholas@example.org,East William,6536173572,91230,KQ5Eqyuq
Nicolas,Hess,Electronics engineer,Heritage manager,stacywright@example.com,Jenkinstown,488-238-5917,20761,Zg5WNOZZ
Jeffrey,Price,Biomedical scientist,Petroleum engineer,ysloan@example.org,North Jason,299-269-2846x52824,43507,dYobFQyr
Shannon,Chen,Chief of Staff,"Embryologist, clinical",jacobbrown@example.net,Lake Jamesfort,(358)589-2156,69145,mI0VV4hd
Sean,White,"Therapist, drama",Materials engineer,goodwintaylor@example.org,Lake Ellenport,(222)589-4852,97180,16bvmIAP
Ann,Poole,Wellsite geologist,Building surveyor,zmckee@example.net,North Tim,+1-326-560-2009x2385,79595,X5skg1QB
Samantha,Jones,"Surveyor, hydrographic",Rural practice surveyor,snydertimothy@example.org,Sethtown,441-880-7114x5155,74541,mx5fDgTR
Michael,Alvarez,Horticultural consultant,Pharmacologist,chill@example.net,New Jacobshire,+1-843-567-1823,10641,HCJtgJwG
Haley,Williams,Police officer,Senior tax professional/tax inspector,david55@example.com,Gomezview,(240)916-7706x8870,68761,AcC1SNY0
Jessica,Wright,"Designer, textile",IT technical support officer,sperez@example.org,South Katelynhaven,245.287.3314x388,62984,S8DzYH8M
Adrian,Cooper,Prison officer,Secondary school teacher,stephenssuzanne@example.com,Fisherburgh,725-991-7927,77995,0j242jyC
Jeanette,Chapman,"Engineer, aeronautical",Field trials officer,zhuff@example.org,New Kathryn,(362)633-2120,45241,B5FrC7h6
Kenneth,Garcia,Public house manager,Water engineer,msimpson@example.com,North Terri,(302)477-1686,66145,CBI8ohF2
Katie,Santos,Office manager,Petroleum engineer,bensontodd@example.org,Port Crystalfort,232.584.4296x31443,25180,4oEGeOhD
Kyle,Bailey,Comptroller,Aeronautical engineer,cmccoy@example.org,West Karenberg,5795116215,44811,3cEQQSd5
Kimberly,Ho,Electronics engineer,Animal technologist,narmstrong@example.com,North Jacob,280-766-2012x74288,4680,K2486X5Z
Allison,Long,Geochemist,Outdoor activities/education manager,andrew12@example.com,North Justinmouth,542-886-1802,27925,mpRmBQkC
Linda,Hunt,Data processing manager,IT sales professional,ygordon@example.org,Cruzchester,776.947.1200x6695,38643,pC6b0aHM
Andrea,Wade,Magazine features editor,Chartered accountant,stevensontyler@example.com,Alvarezchester,(820)638-9210x369,37922,SEPXKWug
Robert,Jackson,Production engineer,"Therapist, music",rosstyler@example.net,Janicebury,706-400-6957x6599,18323,xqEwZWVP
Michael,Bryant,"Exhibitions officer, museum/gallery","Engineer, communications",moorejohn@example.com,Charlesville,4274533555,1118,5AypdiLq
Victor,Davidson,"Engineer, technical sales",Chartered loss adjuster,heatherrobbins@example.org,North Sueborough,(206)766-1538x04405,34813,GMPI9DpT
Christy,Harris,Agricultural consultant,"Surveyor, minerals",gonzalesscott@example.net,East Williamfort,640-345-3003,55819,re61OYLM
Emily,Brown,Advice worker,"Radiographer, diagnostic",sharon75@example.net,Austinfurt,216-965-2942,85227,7u3llzMh
Michael,Haley,Chemical engineer,Early years teacher,ybates@example.net,Kevinton,8228318413,27794,ldD7Chmv
Kevin,Higgins,Medical laboratory scientific officer,Psychiatrist,santanaerin@example.com,West Meredithland,+1-607-431-7463x097,95073,vddS7xKr
John,Zavala,"Administrator, charities/voluntary organisations",Social researcher,pauldonald@example.net,Shannonchester,822-272-9772x1113,72249,1pWisE7R
Eric,Chapman,Chief Executive Officer,IT trainer,howardbryan@example.com,East Elizabethfurt,5698836198,2457,ZIiZmzgT
Shelley,Chandler,Futures trader,Mudlogger,troy39@example.net,Bakerview,690-551-0764x995,80283,JvmLoGy5
Allison,Freeman,Advertising account planner,Fine artist,john01@example.net,New Larry,(653)509-6764x996,77670,wDrdSlpe
Kathryn,Green,Broadcast engineer,"Nurse, children's",nelsontravis@example.org,New Linda,+1-433-266-6995x713,42419,yZukuRrj
Andrew,Charles,Press photographer,Secondary school teacher,cohenmichael@example.com,East Williamborough,724.924.0033x948,38336,fVmTMQpL
Bryce,Jackson,Computer games developer,Midwife,nicholas35@example.net,North Michaelland,+1-381-285-4399x5361,1670,Ul9mlbn5
Jeffrey,Barton,Occupational hygienist,"Scientist, research (life sciences)",christopher22@example.net,South Nathan,(709)973-2745,94288,vs0dIeQH
Erica,Caldwell,"Engineer, maintenance","Engineer, land",choward@example.net,Sierraview,+1-676-725-8044x1641,90266,sIBhcsfp
Brian,Williams,Medical physicist,Clinical psychologist,ramirezlinda@example.com,North Jane,001-758-922-9196x402,33836,gFreDwtP
